left0000.jpg,0
left0001.jpg,0
left0002.jpg,0
left0003.jpg,0
left0004.jpg,0
left0005.jpg,0
left0006.jpg,0
left0007.jpg,0
left0008.jpg,0
left0009.jpg,0
left0010.jpg,0
left0011.jpg,0
left0012.jpg,0
left0013.jpg,0
left0014.jpg,0
left0015.jpg,0
left0016.jpg,0
left0017.jpg,0
left0018.jpg,0
left0019.jpg,0
left0020.jpg,0
left0021.jpg,0
left0022.jpg,0
left0023.jpg,0
left0024.jpg,0
left0025.jpg,0
left0026.jpg,0
left0027.jpg,0
left0028.jpg,0
left0029.jpg,0
left0030.jpg,0
left0031.jpg,0
left0032.jpg,0
left0033.jpg,0
left0034.jpg,0
left0035.jpg,0
left0036.jpg,0
left0037.jpg,0
left0038.jpg,0
left0039.jpg,0
left0040.jpg,0
left0041.jpg,0
left0042.jpg,0
left0043.jpg,2
left0044.jpg,2
left0045.jpg,2
left0046.jpg,2
left0047.jpg,2
left0048.jpg,2
left0049.jpg,2
left0050.jpg,2
left0051.jpg,2
left0052.jpg,2
left0053.jpg,2
left0054.jpg,4
left0055.jpg,4
left0056.jpg,4
left0057.jpg,4
left0058.jpg,4
left0059.jpg,4
left0060.jpg,4
left0061.jpg,4
left0062.jpg,4
left0063.jpg,4
left0064.jpg,4
left0065.jpg,4
left0066.jpg,4
left0067.jpg,4
left0068.jpg,4
left0069.jpg,4
left0070.jpg,4
left0071.jpg,4
left0072.jpg,4
left0073.jpg,4
left0074.jpg,4
left0075.jpg,4
left0076.jpg,4
left0077.jpg,4
left0078.jpg,4
left0079.jpg,4
left0080.jpg,4
left0081.jpg,4
left0082.jpg,4
left0083.jpg,4
left0084.jpg,4
left0085.jpg,4
left0086.jpg,4
left0087.jpg,4
left0088.jpg,4
left0089.jpg,4
left0090.jpg,4
left0091.jpg,4
left0092.jpg,4
left0093.jpg,4
left0094.jpg,4
left0095.jpg,4
left0096.jpg,4
left0097.jpg,4
left0098.jpg,4
left0099.jpg,4
left0100.jpg,4
left0101.jpg,4
left0102.jpg,4
left0103.jpg,4
left0104.jpg,0
left0105.jpg,4
left0106.jpg,4
left0107.jpg,4
left0108.jpg,0
left0109.jpg,0
left0110.jpg,0
left0111.jpg,0
left0112.jpg,4
left0113.jpg,0
left0114.jpg,0
left0115.jpg,0
left0116.jpg,0
left0117.jpg,0
left0118.jpg,0
left0119.jpg,0
left0120.jpg,0
left0121.jpg,0
left0122.jpg,0
left0123.jpg,0
left0124.jpg,0
left0125.jpg,0
left0126.jpg,0
left0127.jpg,0
left0128.jpg,0
left0129.jpg,0
left0130.jpg,0
left0131.jpg,0
left0132.jpg,0
left0133.jpg,0
left0134.jpg,0
left0135.jpg,0
left0136.jpg,0
left0137.jpg,0
left0138.jpg,0
left0139.jpg,0
left0140.jpg,2
left0141.jpg,2
left0142.jpg,2
left0143.jpg,2
left0144.jpg,2
left0145.jpg,2
left0146.jpg,2
left0147.jpg,2
left0148.jpg,2
left0149.jpg,2
left0150.jpg,2
left0151.jpg,2
left0152.jpg,4
left0153.jpg,4
left0154.jpg,4
left0155.jpg,4
left0156.jpg,4
left0157.jpg,4
left0158.jpg,4
left0159.jpg,4
left0160.jpg,4
left0161.jpg,4
left0162.jpg,4
left0163.jpg,4
left0164.jpg,4
left0165.jpg,4
left0166.jpg,4
left0167.jpg,4
left0168.jpg,4
left0169.jpg,4
left0170.jpg,4
left0171.jpg,4
left0172.jpg,4
left0173.jpg,4
left0174.jpg,4
left0175.jpg,4
left0176.jpg,4
left0177.jpg,4
left0178.jpg,4
left0179.jpg,4
left0180.jpg,4
left0181.jpg,4
left0182.jpg,4
left0183.jpg,4
left0184.jpg,4
left0185.jpg,4
left0186.jpg,4
left0187.jpg,4
left0188.jpg,4
left0189.jpg,4
left0190.jpg,4
left0191.jpg,4
left0192.jpg,4
left0193.jpg,4
left0194.jpg,4
left0195.jpg,4
left0196.jpg,4
left0197.jpg,4
left0198.jpg,4
left0199.jpg,4
left0200.jpg,4
left0201.jpg,4
left0202.jpg,4
left0203.jpg,4
left0204.jpg,4
left0205.jpg,4
left0206.jpg,4
left0207.jpg,4
left0208.jpg,4
left0209.jpg,4
left0210.jpg,4
left0211.jpg,4
left0212.jpg,4
left0213.jpg,4
left0214.jpg,4
left0215.jpg,4
left0216.jpg,4
left0217.jpg,4
left0218.jpg,4
left0219.jpg,4
left0220.jpg,4
left0221.jpg,4
left0222.jpg,4
left0223.jpg,4
left0224.jpg,4
left0225.jpg,4
left0226.jpg,4
left0227.jpg,4
left0228.jpg,4
left0229.jpg,4
left0230.jpg,4
left0231.jpg,4
left0232.jpg,4
left0233.jpg,4
left0234.jpg,4
left0235.jpg,4
left0236.jpg,4
left0237.jpg,4
left0238.jpg,4
left0239.jpg,4
left0240.jpg,4
left0241.jpg,4
left0242.jpg,4
left0243.jpg,4
left0244.jpg,4
left0245.jpg,4
left0246.jpg,4
left0247.jpg,4
left0248.jpg,4
left0249.jpg,4
left0250.jpg,4
left0251.jpg,4
left0252.jpg,4
left0253.jpg,4
left0254.jpg,4
left0255.jpg,4
left0256.jpg,4
left0257.jpg,4
left0258.jpg,4
left0259.jpg,4
left0260.jpg,4
left0261.jpg,4
left0262.jpg,4
left0263.jpg,4
left0264.jpg,4
left0265.jpg,4
left0266.jpg,4
left0267.jpg,4
left0268.jpg,4
left0269.jpg,4
left0270.jpg,4
left0271.jpg,4
left0272.jpg,4
left0273.jpg,4
left0274.jpg,4
left0275.jpg,4
left0276.jpg,4
left0277.jpg,4
left0278.jpg,4
left0279.jpg,4
left0280.jpg,1
left0281.jpg,4
left0282.jpg,4
left0283.jpg,4
left0284.jpg,4
left0285.jpg,4
left0286.jpg,4
left0287.jpg,4
left0288.jpg,4
left0289.jpg,4
left0290.jpg,4
left0291.jpg,4
left0292.jpg,0
left0293.jpg,4
left0294.jpg,4
left0295.jpg,4
left0296.jpg,0
left0297.jpg,0
left0298.jpg,4
left0299.jpg,0
left0300.jpg,0
left0301.jpg,0
left0302.jpg,0
left0303.jpg,0
left0304.jpg,0
left0305.jpg,0
left0306.jpg,0
left0307.jpg,0
left0308.jpg,0
left0309.jpg,0
left0310.jpg,0
left0311.jpg,0
left0312.jpg,0
left0313.jpg,0
left0314.jpg,0
left0315.jpg,0
left0316.jpg,0
left0317.jpg,0
left0318.jpg,0
left0319.jpg,0
left0320.jpg,0
left0321.jpg,0
left0322.jpg,0
left0323.jpg,0
left0324.jpg,0
left0325.jpg,0
left0326.jpg,0
left0327.jpg,0
left0328.jpg,0
left0329.jpg,0
left0330.jpg,0
left0331.jpg,0
left0332.jpg,2
left0333.jpg,2
left0334.jpg,2
left0335.jpg,2
left0336.jpg,2
left0337.jpg,2
left0338.jpg,2
left0339.jpg,2
left0340.jpg,2
left0341.jpg,2
left0342.jpg,2
left0343.jpg,4
left0344.jpg,4
left0345.jpg,4
left0346.jpg,4
left0347.jpg,4
left0348.jpg,4
left0349.jpg,4
left0350.jpg,4
left0351.jpg,4
left0352.jpg,4
left0353.jpg,4
left0354.jpg,4
left0355.jpg,4
left0356.jpg,4
left0357.jpg,4
left0358.jpg,4
left0359.jpg,4
left0360.jpg,1
left0361.jpg,4
left0362.jpg,4
left0363.jpg,4
left0364.jpg,4
left0365.jpg,2
left0366.jpg,2
left0367.jpg,2
left0368.jpg,2
left0369.jpg,2
left0370.jpg,1
left0371.jpg,1
left0372.jpg,1
left0373.jpg,1
left0374.jpg,1
left0375.jpg,1
left0376.jpg,1
left0377.jpg,1
left0378.jpg,1
left0379.jpg,1
left0380.jpg,0
left0381.jpg,0
left0382.jpg,0
left0383.jpg,0
left0384.jpg,0
left0385.jpg,0
left0386.jpg,0
left0387.jpg,0
left0388.jpg,0
left0389.jpg,0
left0390.jpg,0
left0391.jpg,0
left0392.jpg,0
left0393.jpg,0
left0394.jpg,0
left0395.jpg,0
left0396.jpg,0
left0397.jpg,0
left0398.jpg,0
left0399.jpg,0
left0400.jpg,0
left0401.jpg,0
left0402.jpg,0
left0403.jpg,0
left0404.jpg,0
left0405.jpg,0
left0406.jpg,0
left0407.jpg,0
left0408.jpg,0
left0409.jpg,0
left0410.jpg,0
left0411.jpg,0
left0412.jpg,0
left0413.jpg,0
left0414.jpg,0
left0415.jpg,0
left0416.jpg,0
left0417.jpg,0
left0418.jpg,0
left0419.jpg,0
left0420.jpg,0
left0421.jpg,0
left0422.jpg,0
left0423.jpg,0
left0424.jpg,0
left0425.jpg,0
left0426.jpg,0
left0427.jpg,0
left0428.jpg,2
left0429.jpg,2
left0430.jpg,2
left0431.jpg,2
left0432.jpg,2
left0433.jpg,2
left0434.jpg,2
left0435.jpg,2
left0436.jpg,2
left0437.jpg,2
left0438.jpg,4
left0439.jpg,4
left0440.jpg,4
left0441.jpg,4
left0442.jpg,4
left0443.jpg,4
left0444.jpg,4
left0445.jpg,4
left0446.jpg,4
left0447.jpg,4
left0448.jpg,4
left0449.jpg,4
left0450.jpg,4
left0451.jpg,4
left0452.jpg,4
left0453.jpg,4
left0454.jpg,4
left0455.jpg,4
left0456.jpg,4
left0457.jpg,4
left0458.jpg,4
left0459.jpg,4
left0460.jpg,4
left0461.jpg,4
left0462.jpg,4
left0463.jpg,4
left0464.jpg,4
left0465.jpg,4
left0466.jpg,4
left0467.jpg,4
left0468.jpg,4
left0469.jpg,4
left0470.jpg,4
left0471.jpg,4
left0472.jpg,4
left0473.jpg,4
left0474.jpg,4
left0475.jpg,4
left0476.jpg,4
left0477.jpg,4
left0478.jpg,4
left0479.jpg,4
left0480.jpg,4
left0481.jpg,4
left0482.jpg,4
left0483.jpg,4
left0484.jpg,4
left0485.jpg,4
left0486.jpg,4
left0487.jpg,4
left0488.jpg,4
left0489.jpg,4
left0490.jpg,4
left0491.jpg,4
left0492.jpg,4
left0493.jpg,4
left0494.jpg,4
left0495.jpg,4
left0496.jpg,4
left0497.jpg,4
left0498.jpg,4
left0499.jpg,4
left0500.jpg,4
left0501.jpg,4
left0502.jpg,4
left0503.jpg,4
left0504.jpg,4
left0505.jpg,4
left0506.jpg,4
left0507.jpg,4
left0508.jpg,4
left0509.jpg,4
left0510.jpg,4
left0511.jpg,4
left0512.jpg,4
left0513.jpg,4
left0514.jpg,4
left0515.jpg,4
left0516.jpg,4
left0517.jpg,4
left0518.jpg,4
left0519.jpg,4
left0520.jpg,4
left0521.jpg,4
left0522.jpg,4
left0523.jpg,4
left0524.jpg,4
left0525.jpg,4
left0526.jpg,4
left0527.jpg,4
left0528.jpg,4
left0529.jpg,4
left0530.jpg,4
left0531.jpg,4
left0532.jpg,4
left0533.jpg,4
left0534.jpg,4
left0535.jpg,4
left0536.jpg,4
left0537.jpg,4
left0538.jpg,4
left0539.jpg,4
left0540.jpg,4
left0541.jpg,4
left0542.jpg,4
left0543.jpg,4
left0544.jpg,4
left0545.jpg,4
left0546.jpg,4
left0547.jpg,4
left0548.jpg,4
left0549.jpg,4
left0550.jpg,4
left0551.jpg,4
left0552.jpg,4
left0553.jpg,4
left0554.jpg,4
left0555.jpg,4
left0556.jpg,4
left0557.jpg,4
left0558.jpg,4
left0559.jpg,4
left0560.jpg,4
left0561.jpg,4
left0562.jpg,4
left0563.jpg,4
left0564.jpg,4
left0565.jpg,4
left0566.jpg,4
left0567.jpg,4
left0568.jpg,4
left0569.jpg,4
left0570.jpg,4
left0571.jpg,4
left0572.jpg,4
left0573.jpg,4
left0574.jpg,4
left0575.jpg,4
left0576.jpg,4
left0577.jpg,4
left0578.jpg,4
left0579.jpg,4
left0580.jpg,4
left0581.jpg,4
left0582.jpg,4
left0583.jpg,4
left0584.jpg,4
left0585.jpg,4
left0586.jpg,4
left0587.jpg,4
left0588.jpg,4
left0589.jpg,4
left0590.jpg,4
left0591.jpg,4
left0592.jpg,4
left0593.jpg,4
left0594.jpg,4
left0595.jpg,4
left0596.jpg,4
left0597.jpg,4
left0598.jpg,4
left0599.jpg,4
left0600.jpg,4
left0601.jpg,4
left0602.jpg,4
left0603.jpg,4
left0604.jpg,4
left0605.jpg,4
left0606.jpg,4
left0607.jpg,4
left0608.jpg,4
left0609.jpg,4
left0610.jpg,4
left0611.jpg,4
left0612.jpg,4
left0613.jpg,4
left0614.jpg,4
left0615.jpg,4
left0616.jpg,4
left0617.jpg,4
left0618.jpg,4
left0619.jpg,4
left0620.jpg,4
left0621.jpg,4
left0622.jpg,4
left0623.jpg,4
left0624.jpg,4
left0625.jpg,4
left0626.jpg,4
left0627.jpg,4
left0628.jpg,4
left0629.jpg,4
left0630.jpg,4
left0631.jpg,4
left0632.jpg,4
left0633.jpg,4
left0634.jpg,4
left0635.jpg,4
left0636.jpg,4
left0637.jpg,4
left0638.jpg,4
left0639.jpg,4
left0640.jpg,4
left0641.jpg,4
left0642.jpg,4
left0643.jpg,4
left0644.jpg,4
left0645.jpg,4
left0646.jpg,4
left0647.jpg,4
left0648.jpg,4
left0649.jpg,4
left0650.jpg,4
left0651.jpg,4
left0652.jpg,4
left0653.jpg,4
left0654.jpg,4
left0655.jpg,4
left0656.jpg,4
left0657.jpg,4
left0658.jpg,4
left0659.jpg,4
left0660.jpg,4
left0661.jpg,4
left0662.jpg,4
left0663.jpg,4
left0664.jpg,4
left0665.jpg,4
left0666.jpg,4
left0667.jpg,4
left0668.jpg,4
left0669.jpg,4
left0670.jpg,4
left0671.jpg,4
left0672.jpg,4
left0673.jpg,4
left0674.jpg,4
left0675.jpg,4
left0676.jpg,4
left0677.jpg,4
left0678.jpg,4
left0679.jpg,4
left0680.jpg,4
left0681.jpg,4
left0682.jpg,4
left0683.jpg,4
left0684.jpg,4
left0685.jpg,4
left0686.jpg,4
left0687.jpg,4
left0688.jpg,4
left0689.jpg,4
left0690.jpg,4
left0691.jpg,4
left0692.jpg,4
left0693.jpg,4
left0694.jpg,4
left0695.jpg,4
left0696.jpg,4
left0697.jpg,4
left0698.jpg,4
left0699.jpg,4
left0700.jpg,4
left0701.jpg,4
left0702.jpg,4
left0703.jpg,4
left0704.jpg,4
left0705.jpg,4
left0706.jpg,4
left0707.jpg,4
left0708.jpg,4
left0709.jpg,4
left0710.jpg,4
left0711.jpg,4
left0712.jpg,4
left0713.jpg,4
left0714.jpg,4
left0715.jpg,4
left0716.jpg,4
left0717.jpg,4
left0718.jpg,4
left0719.jpg,4
left0720.jpg,4
left0721.jpg,4
left0722.jpg,4
left0723.jpg,4
left0724.jpg,4
left0725.jpg,4
left0726.jpg,4
left0727.jpg,4
left0728.jpg,4
left0729.jpg,4
left0730.jpg,4
left0731.jpg,4
left0732.jpg,4
left0733.jpg,4
left0734.jpg,4
left0735.jpg,4
left0736.jpg,4
left0737.jpg,4
left0738.jpg,4
left0739.jpg,4
left0740.jpg,4
left0741.jpg,4
left0742.jpg,4
left0743.jpg,4
left0744.jpg,4
left0745.jpg,4
left0746.jpg,4
left0747.jpg,4
left0748.jpg,4
left0749.jpg,4
left0750.jpg,4
left0751.jpg,4
left0752.jpg,4
left0753.jpg,4
left0754.jpg,4
left0755.jpg,4
left0756.jpg,4
left0757.jpg,4
left0758.jpg,4
left0759.jpg,4
left0760.jpg,4
left0761.jpg,4
left0762.jpg,4
left0763.jpg,4
left0764.jpg,4
left0765.jpg,4
left0766.jpg,4
left0767.jpg,4
left0768.jpg,4
left0769.jpg,4
left0770.jpg,4
left0771.jpg,4
left0772.jpg,4
left0773.jpg,4
left0774.jpg,4
left0775.jpg,4
left0776.jpg,4
left0777.jpg,4
left0778.jpg,4
left0779.jpg,4
left0780.jpg,4
left0781.jpg,4
left0782.jpg,4
left0783.jpg,4
left0784.jpg,4
left0785.jpg,4
left0786.jpg,4
left0787.jpg,4
left0788.jpg,4
left0789.jpg,4
left0790.jpg,4
left0791.jpg,4
left0792.jpg,4
left0793.jpg,4
left0794.jpg,4
left0795.jpg,4
left0796.jpg,4
left0797.jpg,4
left0798.jpg,4
left0799.jpg,4
left0800.jpg,4
left0801.jpg,4
left0802.jpg,4
left0803.jpg,4
left0804.jpg,4
left0805.jpg,4
left0806.jpg,4
left0807.jpg,4
left0808.jpg,4
left0809.jpg,4
left0810.jpg,4
left0811.jpg,4
left0812.jpg,4
left0813.jpg,4
left0814.jpg,4
left0815.jpg,4
left0816.jpg,4
left0817.jpg,4
left0818.jpg,4
left0819.jpg,4
left0820.jpg,4
left0821.jpg,4
left0822.jpg,4
left0823.jpg,4
left0824.jpg,4
left0825.jpg,4
left0826.jpg,4
left0827.jpg,4
left0828.jpg,4
left0829.jpg,4
left0830.jpg,4
left0831.jpg,4
left0832.jpg,4
left0833.jpg,4
left0834.jpg,4
left0835.jpg,4
left0836.jpg,4
left0837.jpg,4
left0838.jpg,2
left0839.jpg,4
left0840.jpg,4
left0841.jpg,4
left0842.jpg,4
left0843.jpg,4
left0844.jpg,2
left0845.jpg,4
left0846.jpg,4
left0847.jpg,2
left0848.jpg,2
left0849.jpg,2
left0850.jpg,1
left0851.jpg,1
left0852.jpg,1
left0853.jpg,1
left0854.jpg,1
left0855.jpg,1
left0856.jpg,1
left0857.jpg,1
left0858.jpg,1
left0859.jpg,1
left0860.jpg,1
left0861.jpg,0
left0862.jpg,0
left0863.jpg,0
left0864.jpg,0
left0865.jpg,0
left0866.jpg,0
left0867.jpg,0
left0868.jpg,0
left0869.jpg,0
left0870.jpg,0
left0871.jpg,0
left0872.jpg,0
left0873.jpg,0
left0874.jpg,0
left0875.jpg,0
left0876.jpg,0
left0877.jpg,0
left0878.jpg,0
left0879.jpg,0
left0880.jpg,0
left0881.jpg,0
left0882.jpg,0
left0883.jpg,0
left0884.jpg,0
left0885.jpg,0
left0886.jpg,0
left0887.jpg,0
left0888.jpg,0
left0889.jpg,0
left0890.jpg,0
left0891.jpg,0
left0892.jpg,0
left0893.jpg,0
left0894.jpg,0
left0895.jpg,0
left0896.jpg,0
left0897.jpg,0
left0898.jpg,0
left0899.jpg,0
left0900.jpg,0
left0901.jpg,0
left0902.jpg,0
left0903.jpg,0
left0904.jpg,0
left0905.jpg,0
left0906.jpg,0
left0907.jpg,0
left0908.jpg,0
left0909.jpg,2
left0910.jpg,2
left0911.jpg,2
left0912.jpg,2
left0913.jpg,2
left0914.jpg,2
left0915.jpg,2
left0916.jpg,2
left0917.jpg,2
left0918.jpg,2
left0919.jpg,2
left0920.jpg,4
left0921.jpg,4
left0922.jpg,4
left0923.jpg,4
left0924.jpg,4
left0925.jpg,4
left0926.jpg,4
left0927.jpg,4
left0928.jpg,4
left0929.jpg,4
left0930.jpg,4
left0931.jpg,4
left0932.jpg,4
left0933.jpg,4
left0934.jpg,4
left0935.jpg,4
left0936.jpg,4
left0937.jpg,4
left0938.jpg,4
left0939.jpg,4
left0940.jpg,4
left0941.jpg,4
left0942.jpg,4
left0943.jpg,4
left0944.jpg,4
left0945.jpg,4
left0946.jpg,4
left0947.jpg,4
left0948.jpg,4
left0949.jpg,4
left0950.jpg,4
left0951.jpg,4
left0952.jpg,4
left0953.jpg,4
left0954.jpg,4
left0955.jpg,4
left0956.jpg,4
left0957.jpg,4
left0958.jpg,4
left0959.jpg,4
left0960.jpg,4
left0961.jpg,4
left0962.jpg,4
left0963.jpg,4
left0964.jpg,4
left0965.jpg,4
left0966.jpg,4
left0967.jpg,4
left0968.jpg,4
left0969.jpg,4
left0970.jpg,4
left0971.jpg,4
left0972.jpg,4
left0973.jpg,4
left0974.jpg,4
left0975.jpg,4
left0976.jpg,4
left0977.jpg,4
left0978.jpg,4
left0979.jpg,4
left0980.jpg,4
left0981.jpg,4
left0982.jpg,4
left0983.jpg,4
left0984.jpg,4
left0985.jpg,4
left0986.jpg,4
left0987.jpg,4
left0988.jpg,4
left0989.jpg,4
left0990.jpg,4
left0991.jpg,4
left0992.jpg,4
left0993.jpg,4
left0994.jpg,4
left0995.jpg,4
left0996.jpg,4
left0997.jpg,4
left0998.jpg,4
left0999.jpg,4
left1000.jpg,4
left1001.jpg,4
left1002.jpg,4
left1003.jpg,4
left1004.jpg,4
left1005.jpg,4
left1006.jpg,4
left1007.jpg,4
left1008.jpg,4
left1009.jpg,4
left1010.jpg,4
left1011.jpg,4
left1012.jpg,4
left1013.jpg,4
left1014.jpg,4
left1015.jpg,4
left1016.jpg,4
left1017.jpg,4
left1018.jpg,4
left1019.jpg,4
left1020.jpg,4
left1021.jpg,4
left1022.jpg,4
left1023.jpg,4
left1024.jpg,4
left1025.jpg,4
left1026.jpg,4
left1027.jpg,4
left1028.jpg,4
left1029.jpg,2
left1030.jpg,4
left1031.jpg,2
left1032.jpg,2
left1033.jpg,4
left1034.jpg,2
left1035.jpg,2
left1036.jpg,4
left1037.jpg,2
left1038.jpg,2
left1039.jpg,2
left1040.jpg,2
left1041.jpg,2
left1042.jpg,2
left1043.jpg,1
left1044.jpg,1
left1045.jpg,1
left1046.jpg,1
left1047.jpg,1
left1048.jpg,1
left1049.jpg,1
left1050.jpg,1
left1051.jpg,1
left1052.jpg,1
left1053.jpg,0
left1054.jpg,0
left1055.jpg,0
left1056.jpg,0
left1057.jpg,0
left1058.jpg,0
left1059.jpg,0
left1060.jpg,0
left1061.jpg,0
left1062.jpg,0
left1063.jpg,0
left1064.jpg,0
left1065.jpg,0
left1066.jpg,0
left1067.jpg,0
left1068.jpg,0
left1069.jpg,0
left1070.jpg,0
left1071.jpg,0
left1072.jpg,0
left1073.jpg,0
left1074.jpg,0
left1075.jpg,0
left1076.jpg,0
left1077.jpg,0
left1078.jpg,0
left1079.jpg,0
left1080.jpg,0
left1081.jpg,0
left1082.jpg,0
left1083.jpg,0
left1084.jpg,0
left1085.jpg,0
left1086.jpg,0
left1087.jpg,0
left1088.jpg,0
left1089.jpg,0
left1090.jpg,0
left1091.jpg,0
left1092.jpg,0
left1093.jpg,0
left1094.jpg,0
left1095.jpg,0
left1096.jpg,0
left1097.jpg,0
left1098.jpg,0
left1099.jpg,0
left1100.jpg,0
left1101.jpg,0
left1102.jpg,2
left1103.jpg,2
left1104.jpg,2
left1105.jpg,2
left1106.jpg,2
left1107.jpg,2
left1108.jpg,2
left1109.jpg,2
left1110.jpg,2
left1111.jpg,2
left1112.jpg,2
left1113.jpg,4
left1114.jpg,4
left1115.jpg,4
left1116.jpg,4
left1117.jpg,4
left1118.jpg,4
left1119.jpg,4
left1120.jpg,4
left1121.jpg,4
left1122.jpg,4
left1123.jpg,4
left1124.jpg,4
left1125.jpg,4
left1126.jpg,4
left1127.jpg,4
left1128.jpg,4
left1129.jpg,4
left1130.jpg,4
left1131.jpg,4
left1132.jpg,4
left1133.jpg,4
left1134.jpg,4
left1135.jpg,4
left1136.jpg,4
left1137.jpg,4
left1138.jpg,4
left1139.jpg,4
left1140.jpg,4
left1141.jpg,4
left1142.jpg,4
left1143.jpg,4
left1144.jpg,4
left1145.jpg,4
left1146.jpg,4
left1147.jpg,4
left1148.jpg,4
left1149.jpg,4
left1150.jpg,4
left1151.jpg,4
left1152.jpg,4
left1153.jpg,4
left1154.jpg,4
left1155.jpg,4
left1156.jpg,4
left1157.jpg,4
left1158.jpg,4
left1159.jpg,4
left1160.jpg,4
left1161.jpg,4
left1162.jpg,4
left1163.jpg,4
left1164.jpg,4
left1165.jpg,4
left1166.jpg,4
left1167.jpg,4
left1168.jpg,4
left1169.jpg,4
left1170.jpg,4
left1171.jpg,4
left1172.jpg,4
left1173.jpg,4
left1174.jpg,4
left1175.jpg,4
left1176.jpg,4
left1177.jpg,4
left1178.jpg,4
left1179.jpg,4
left1180.jpg,4
left1181.jpg,4
left1182.jpg,4
left1183.jpg,4
left1184.jpg,4
left1185.jpg,4
left1186.jpg,4
left1187.jpg,4
left1188.jpg,4
left1189.jpg,4
left1190.jpg,4
left1191.jpg,4
left1192.jpg,4
left1193.jpg,4
left1194.jpg,4
left1195.jpg,4
left1196.jpg,4
left1197.jpg,4
left1198.jpg,4
left1199.jpg,4
left1200.jpg,4
left1201.jpg,4
left1202.jpg,4
left1203.jpg,4
left1204.jpg,4
left1205.jpg,4
left1206.jpg,4
left1207.jpg,4
left1208.jpg,4
left1209.jpg,4
left1210.jpg,4
left1211.jpg,4
left1212.jpg,4
left1213.jpg,4
left1214.jpg,4
left1215.jpg,4
left1216.jpg,4
left1217.jpg,4
left1218.jpg,4
left1219.jpg,4
left1220.jpg,4
left1221.jpg,4
left1222.jpg,4
left1223.jpg,4
left1224.jpg,4
left1225.jpg,4
left1226.jpg,4
left1227.jpg,4
left1228.jpg,4
left1229.jpg,4
left1230.jpg,4
left1231.jpg,4
left1232.jpg,4
left1233.jpg,4
left1234.jpg,4
left1235.jpg,4
left1236.jpg,4
left1237.jpg,4
left1238.jpg,4
left1239.jpg,4
left1240.jpg,4
left1241.jpg,4
left1242.jpg,4
left1243.jpg,4
left1244.jpg,4
left1245.jpg,4
left1246.jpg,4
left1247.jpg,4
left1248.jpg,4
left1249.jpg,4
left1250.jpg,4
left1251.jpg,4
left1252.jpg,4
left1253.jpg,4
left1254.jpg,4
left1255.jpg,4
left1256.jpg,4
left1257.jpg,4
left1258.jpg,4
left1259.jpg,4
left1260.jpg,4
left1261.jpg,4
left1262.jpg,4
left1263.jpg,4
left1264.jpg,4
left1265.jpg,4
left1266.jpg,4
left1267.jpg,4
left1268.jpg,4
left1269.jpg,4
left1270.jpg,4
left1271.jpg,4
left1272.jpg,4
left1273.jpg,4
left1274.jpg,4
left1275.jpg,4
left1276.jpg,4
left1277.jpg,4
left1278.jpg,4
left1279.jpg,4
left1280.jpg,4
left1281.jpg,4
left1282.jpg,4
left1283.jpg,4
left1284.jpg,4
left1285.jpg,4
left1286.jpg,4
left1287.jpg,4
left1288.jpg,4
left1289.jpg,4
left1290.jpg,4
left1291.jpg,4
left1292.jpg,4
left1293.jpg,4
left1294.jpg,4
left1295.jpg,4
left1296.jpg,4
left1297.jpg,4
left1298.jpg,4
left1299.jpg,4
left1300.jpg,4
left1301.jpg,4
left1302.jpg,4
left1303.jpg,4
left1304.jpg,4
left1305.jpg,4
left1306.jpg,4
left1307.jpg,2
left1308.jpg,2
left1309.jpg,4
left1310.jpg,2
left1311.jpg,2
left1312.jpg,2
left1313.jpg,2
left1314.jpg,2
left1315.jpg,2
left1316.jpg,2
left1317.jpg,2
left1318.jpg,2
left1319.jpg,2
left1320.jpg,2
left1321.jpg,2
left1322.jpg,2
left1323.jpg,2
left1324.jpg,2
left1325.jpg,2
left1326.jpg,2
left1327.jpg,2
left1328.jpg,2
left1329.jpg,2
left1330.jpg,2
left1331.jpg,1
left1332.jpg,1
left1333.jpg,1
left1334.jpg,1
left1335.jpg,1
left1336.jpg,1
left1337.jpg,1
left1338.jpg,1
left1339.jpg,1
left1340.jpg,1
left1341.jpg,0
left1342.jpg,0
left1343.jpg,0
left1344.jpg,0
left1345.jpg,0
left1346.jpg,0
left1347.jpg,0
left1348.jpg,0
left1349.jpg,0
left1350.jpg,0
left1351.jpg,0
left1352.jpg,0
left1353.jpg,0
left1354.jpg,0
left1355.jpg,0
left1356.jpg,0
left1357.jpg,0
left1358.jpg,0
left1359.jpg,0
left1360.jpg,0
left1361.jpg,0
left1362.jpg,0
left1363.jpg,0
left1364.jpg,0
left1365.jpg,0
left1366.jpg,0
left1367.jpg,0
left1368.jpg,0
left1369.jpg,0
left1370.jpg,0
left1371.jpg,0
left1372.jpg,0
left1373.jpg,0
left1374.jpg,0
left1375.jpg,0
left1376.jpg,0
left1377.jpg,0
left1378.jpg,0
left1379.jpg,0
left1380.jpg,0
left1381.jpg,0
left1382.jpg,0
left1383.jpg,0
left1384.jpg,0
left1385.jpg,0
left1386.jpg,0
left1387.jpg,0
left1388.jpg,0
left1389.jpg,0
left1390.jpg,2
left1391.jpg,2
left1392.jpg,2
left1393.jpg,2
left1394.jpg,2
left1395.jpg,2
left1396.jpg,2
left1397.jpg,2
left1398.jpg,2
left1399.jpg,2
left1400.jpg,2
left1401.jpg,4
left1402.jpg,4
left1403.jpg,4
left1404.jpg,4
left1405.jpg,4
left1406.jpg,4
left1407.jpg,4
left1408.jpg,4
left1409.jpg,4
left1410.jpg,4
left1411.jpg,4
left1412.jpg,4
left1413.jpg,4
left1414.jpg,4
left1415.jpg,4
left1416.jpg,4
left1417.jpg,4
left1418.jpg,4
left1419.jpg,4
left1420.jpg,4
left1421.jpg,4
left1422.jpg,4
left1423.jpg,4
left1424.jpg,4
left1425.jpg,4
left1426.jpg,4
left1427.jpg,4
left1428.jpg,4
left1429.jpg,4
left1430.jpg,4
left1431.jpg,4
left1432.jpg,4
left1433.jpg,4
left1434.jpg,4
left1435.jpg,4
left1436.jpg,4
left1437.jpg,4
left1438.jpg,4
left1439.jpg,4
left1440.jpg,4
left1441.jpg,4
left1442.jpg,4
left1443.jpg,4
left1444.jpg,4
left1445.jpg,4
left1446.jpg,4
left1447.jpg,4
left1448.jpg,4
left1449.jpg,4
left1450.jpg,4
left1451.jpg,4
left1452.jpg,4
left1453.jpg,4
left1454.jpg,4
left1455.jpg,4
left1456.jpg,4
left1457.jpg,4
left1458.jpg,4
left1459.jpg,4
left1460.jpg,4
left1461.jpg,4
left1462.jpg,4
left1463.jpg,4
left1464.jpg,4
left1465.jpg,4
left1466.jpg,4
left1467.jpg,4
left1468.jpg,4
left1469.jpg,4
left1470.jpg,4
left1471.jpg,4
left1472.jpg,4
left1473.jpg,4
left1474.jpg,4
left1475.jpg,4
left1476.jpg,4
left1477.jpg,4
left1478.jpg,4
left1479.jpg,4
left1480.jpg,4
left1481.jpg,4
left1482.jpg,4
left1483.jpg,4
left1484.jpg,4
left1485.jpg,4
left1486.jpg,4
left1487.jpg,4
left1488.jpg,4
left1489.jpg,4
left1490.jpg,4
left1491.jpg,4
left1492.jpg,4
left1493.jpg,4
left1494.jpg,4
left1495.jpg,4
left1496.jpg,4
left1497.jpg,4
left1498.jpg,4
left1499.jpg,4
left1500.jpg,4
left1501.jpg,4
left1502.jpg,4
left1503.jpg,4
left1504.jpg,4
left1505.jpg,4
left1506.jpg,4
left1507.jpg,4
left1508.jpg,4
left1509.jpg,4
left1510.jpg,4
left1511.jpg,4
left1512.jpg,4
left1513.jpg,4
left1514.jpg,4
left1515.jpg,4
left1516.jpg,4
left1517.jpg,4
left1518.jpg,4
left1519.jpg,4
left1520.jpg,4
left1521.jpg,4
left1522.jpg,4
left1523.jpg,4
left1524.jpg,1
left1525.jpg,4
left1526.jpg,1
left1527.jpg,4
left1528.jpg,1
left1529.jpg,1
left1530.jpg,1
left1531.jpg,1
left1532.jpg,1
left1533.jpg,1
left1534.jpg,0
left1535.jpg,4
left1536.jpg,4
left1537.jpg,0
left1538.jpg,0
left1539.jpg,0
left1540.jpg,0
left1541.jpg,0
left1542.jpg,0
left1543.jpg,0
left1544.jpg,0
left1545.jpg,0
left1546.jpg,0
left1547.jpg,0
left1548.jpg,0
left1549.jpg,0
left1550.jpg,0
left1551.jpg,0
left1552.jpg,0
left1553.jpg,0
left1554.jpg,0
left1555.jpg,0
left1556.jpg,0
left1557.jpg,0
left1558.jpg,0
left1559.jpg,0
left1560.jpg,0
left1561.jpg,0
left1562.jpg,0
left1563.jpg,0
left1564.jpg,0
left1565.jpg,0
left1566.jpg,0
left1567.jpg,0
left1568.jpg,0
left1569.jpg,0
left1570.jpg,0
left1571.jpg,0
left1572.jpg,0
left1573.jpg,0
left1574.jpg,0
left1575.jpg,0
left1576.jpg,0
left1577.jpg,0
left1578.jpg,0
left1579.jpg,0
left1580.jpg,0
left1581.jpg,0
left1582.jpg,2
left1583.jpg,2
left1584.jpg,2
left1585.jpg,2
left1586.jpg,2
left1587.jpg,2
left1588.jpg,2
left1589.jpg,2
left1590.jpg,4
left1591.jpg,4
left1592.jpg,4
left1593.jpg,4
left1594.jpg,4
left1595.jpg,4
left1596.jpg,4
left1597.jpg,4
left1598.jpg,4
left1599.jpg,4
left1600.jpg,4
left1601.jpg,4
left1602.jpg,4
left1603.jpg,4
left1604.jpg,4
left1605.jpg,4
left1606.jpg,4
left1607.jpg,4
left1608.jpg,4
left1609.jpg,4
left1610.jpg,4
left1611.jpg,4
left1612.jpg,4
left1613.jpg,4
left1614.jpg,4
left1615.jpg,4
left1616.jpg,4
left1617.jpg,4
left1618.jpg,4
left1619.jpg,4
left1620.jpg,4
left1621.jpg,4
left1622.jpg,4
left1623.jpg,4
left1624.jpg,4
left1625.jpg,4
left1626.jpg,4
left1627.jpg,4
left1628.jpg,4
left1629.jpg,4
left1630.jpg,4
left1631.jpg,4
left1632.jpg,4
left1633.jpg,4
left1634.jpg,4
left1635.jpg,4
left1636.jpg,4
left1637.jpg,4
left1638.jpg,4
left1639.jpg,4
left1640.jpg,4
left1641.jpg,4
left1642.jpg,4
left1643.jpg,4
left1644.jpg,4
left1645.jpg,4
left1646.jpg,4
left1647.jpg,4
left1648.jpg,4
left1649.jpg,4
left1650.jpg,4
left1651.jpg,4
left1652.jpg,4
left1653.jpg,4
left1654.jpg,4
left1655.jpg,4
left1656.jpg,4
left1657.jpg,4
left1658.jpg,4
left1659.jpg,4
left1660.jpg,4
left1661.jpg,4
left1662.jpg,4
left1663.jpg,4
left1664.jpg,4
left1665.jpg,4
left1666.jpg,4
left1667.jpg,4
left1668.jpg,4
left1669.jpg,4
left1670.jpg,4
left1671.jpg,4
left1672.jpg,4
left1673.jpg,4
left1674.jpg,4
left1675.jpg,4
left1676.jpg,4
left1677.jpg,4
left1678.jpg,4
left1679.jpg,4
left1680.jpg,4
left1681.jpg,4
left1682.jpg,4
left1683.jpg,4
left1684.jpg,4
left1685.jpg,4
left1686.jpg,4
left1687.jpg,4
left1688.jpg,4
left1689.jpg,4
left1690.jpg,4
left1691.jpg,4
left1692.jpg,4
left1693.jpg,4
left1694.jpg,4
left1695.jpg,4
left1696.jpg,4
left1697.jpg,4
left1698.jpg,4
left1699.jpg,4
left1700.jpg,4
left1701.jpg,4
left1702.jpg,4
left1703.jpg,4
left1704.jpg,4
left1705.jpg,4
left1706.jpg,4
left1707.jpg,4
left1708.jpg,4
left1709.jpg,4
left1710.jpg,4
left1711.jpg,4
left1712.jpg,4
left1713.jpg,4
left1714.jpg,4
left1715.jpg,4
left1716.jpg,4
left1717.jpg,4
left1718.jpg,4
left1719.jpg,4
left1720.jpg,4
left1721.jpg,4
left1722.jpg,4
left1723.jpg,4
left1724.jpg,4
left1725.jpg,4
left1726.jpg,4
left1727.jpg,4
left1728.jpg,4
